Taxon Code ,Photobiont,Reproductive.Mode,Repro.Structure,Substrate
ABRhyp,none,Sexual,Apothecia,Lichenicolous
ABRpar,none,Sexual,Apothecia,Lichenicolous
ABSdel,Coccoid,Sexual,Apothecia,Lignicolous
ACAleu,Trenteopholia,Sexual,Apothecia,Corticolous
ACAmos,Trenteopholia,Sexual,Apothecia,Corticolous
ACApau,Trenteopholia,Sexual,Apothecia,Corticolous
AGYruf,none,Sexual,Apothecia,Lignicolous
AMAlan,Coccoid,Sexual,Apothecia,Lignicolous
AMAmil,Coccoid,Sexual,Apothecia,Corticolous
AMApol,Coccoid,Sexual,Apothecia,Corticolous
AMApun,Coccoid,Sexual,Apothecia,Corticolous
AMAsp,Coccoid,Sexual,Apothecia,Lignicolous
ANApal,Coccoid,Sexual,Apothecia,Corticolous
ANZcol,Coccoid,Sexual,Apothecia,Corticolous
ARTage,none,Sexual,Apothecia,Lichenicolous
ARTalb,Coccoid,Sexual,Apothecia,Corticolous
ARTang,Trenteopholia,Sexual,Apothecia,Corticolous
ARTcin,Trenteopholia,Sexual,Apothecia,Corticolous
ARTint,Trenteopholia,Sexual,Apothecia,Corticolous
ARTmon,Trenteopholia,Sexual,Apothecia,Corticolous
ARTqui,none,Sexual,Apothecia,Corticolous
ARTrua,Trenteopholia,Sexual,Apothecia,Corticolous
ARTrube,Trenteopholia,Sexual,Apothecia,Corticolous
ARTrubr,Trenteopholia,Sexual,Apothecia,Corticolous
ARTsp,Trenteopholia,Sexual,Apothecia,Corticolous
ARTsub,Trenteopholia,Sexual,Apothecia,Corticolous
ARTsus,Coccoid,Sexual,Apothecia,Corticolous
BACbre,Trenteopholia,Sexual,Apothecia,Corticolous
BACcar,Trenteopholia,Sexual,Apothecia,Corticolous
BACcry,Coccoid,Sexual,Apothecia,Lichenicolous
BACdif,Coccoid,Sexual,Apothecia,Corticolous
BACege,Coccoid,Sexual,Apothecia,Saxicolous
BACekm,Coccoid,Sexual,Apothecia,Corticolous
BACgra,Coccoid,Sexual,Apothecia,Saxicolous
BAChel,Coccoid,Sexual,Apothecia,Corticolous
BAChet,Coccoid,Sexual,Apothecia,Corticolous
BACIDIAsp,Coccoid,Sexual,Apothecia,Corticolous
BACIDINsp,Coccoid,Sexual,Apothecia,Corticolous
BAClam,Trenteopholia,Sexual,Apothecia,Corticolous
BACmyr,Trenteopholia,Sexual,Apothecia,Corticolous
BACpur,Coccoid,Sexual,Apothecia,Corticolous
BACsch,Coccoid,Sexual,Apothecia,Corticolous
BACsuf,Coccoid,Sexual,Apothecia,Corticolous
BACvar,Coccoid,Sexual,Apothecia,Corticolous
BIAlon,Coccoid,Sexual,Apothecia,Corticolous
BIAsp,Coccoid,Sexual,Apothecia,Corticolous
BRIleu,Coccoid,Sexual,Apothecia,Corticolous
BUEcur,Coccoid,Sexual,Apothecia,Corticolous
BUEeli,Coccoid,Sexual,Apothecia,Corticolous
BUEims,Coccoid,Sexual,Apothecia,Corticolous
BUEmin,none,Sexual,Apothecia,Lichenicolous
BUEsti,Coccoid,Sexual,Apothecia,Corticolous
BUEtry,none,Sexual,Apothecia,Lichenicolous
BUEver,Coccoid,Sexual,Apothecia,Corticolous
BULcon,Coccoid,Sexual,Apothecia,Corticolous
BYSleu,Coccoid,Sexual,Apothecia,Corticolous
BYSmea,Coccoid,Sexual,Apothecia,Corticolous
BYSsp,Coccoid,Sexual,Apothecia,Corticolous
CALcam,Coccoid,Sexual,Apothecia,Corticolous
CALfer,Coccoid,Sexual,Apothecia,Saxicolous
CALflavor,Coccoid,Sexual,Apothecia,Corticolous
CALhol,Coccoid,Sexual,Apothecia,Corticolous
CALhyp,Coccoid,Sexual,Apothecia,Corticolous
CALIsp,Coccoid,Sexual,Apothecia,Corticolous
CALOsp,Coccoid,Sexual,Apothecia,Corticolous
CALpui,Coccoid,Fungal,Apothecia,Foliicolous
CALsal,Coccoid,Sexual,Apothecia,Corticolous
CALsub,Coccoid,Sexual,Apothecia,Saxicolous
CATatr,Coccoid,Sexual,Apothecia,Corticolous
CATsp,Coccoid,Sexual,Apothecia,Muscicolous
CHAbru,Coccoid,Sexual,Apothecia,Lignicolous
CHAflo,Coccoid,Sexual,Apothecia,Corticolous
CHAhis,Coccoid,Sexual,Apothecia,Corticolous
CHAhyg,Coccoid,Sexual,Apothecia,Corticolous
CHAkal,none,Sexual,Apothecia,Lichenicolous
CHAnan,none,Sexual,Apothecia,Corticolous
CHAoli,Coccoid,Sexual,Apothecia,Corticolous
CHApuiso,none,Sexual,Apothecia,Lignicolous
CHApusil,none,Sexual,Apothecia,Lignicolous
CHArap,none,Sexual,Apothecia,Lignicolous
CHAsp,Coccoid,Sexual,Apothecia,Corticolous
CLAatl,Coccoid,Sexual,Apothecia,Terricolous
CLAcae,Coccoid,Sexual,Apothecia,Muscicolous
CLAcri,Coccoid,Sexual,Apothecia,Terricolous
CLAdim,Coccoid,Sexual,Apothecia,Terricolous
CLAeva,Coccoid,Sexual,Apothecia,Terricolous
CLAlep,Coccoid,Sexual,Apothecia,Terricolous
CLApac,Coccoid,Sexual,Apothecia,Terricolous
CLApez,Coccoid,Sexual,Apothecia,Muscicolous
CLApie,Coccoid,Sexual,Apothecia,Terricolous
CLApolycarpi,Coccoid,Sexual,Apothecia,Terricolous
CLApolycarpo,Coccoid,Sexual,Apothecia,Terricolous
CLArap,Coccoid,Sexual,Apothecia,Terricolous
CLAsim,Coccoid,Sexual,Apothecia,Terricolous
CLAstr,Coccoid,Sexual,Apothecia,Terricolous
CLAsubc,Coccoid,Sexual,Apothecia,Terricolous
CLAsubm,Coccoid,Sexual,Apothecia,Terricolous
CLAsubs,Coccoid,Sexual,Apothecia,Terricolous
CLAsubt,Coccoid,Sexual,Apothecia,Terricolous
CLAunc,Coccoid,Sexual,Apothecia,Terricolous
COCery,Cyanobacteria,Sexual,Apothecia,Corticolous
COEint,Trenteopholia,Sexual,Apothecia,Corticolous
COElut,Trenteopholia,Sexual,Apothecia,Corticolous
COEpin,Trenteopholia,Sexual,Apothecia,Corticolous
COEsp,Trenteopholia,Sexual,Apothecia,Corticolous
COLpul,Cyanobacteria,Sexual,Apothecia,Corticolous
COLpull,Cyanobacteria,Sexual,Apothecia,Corticolous
CONpyr,Trenteopholia,Sexual,Apothecia,Corticolous
CREfla,Trenteopholia,Sexual,Apothecia,Corticolous
DACinq,none,Sexual,Apothecia,Lichenicolous
DAClur,none,Sexual,Apothecia,Lichenicolous
DIRcon,Coccoid,Sexual,Apothecia,Corticolous
DYPafz,Trenteopholia,Sexual,Apothecia,Corticolous
ENTang,Trenteopholia,Sexual,Apothecia,Corticolous
FELsp,Coccoid,Sexual,Apothecia,Foliicolous
FISall,Trenteopholia,Sexual,Apothecia,Corticolous
FISame,Trenteopholia,Sexual,Apothecia,Corticolous
FIScol,Trenteopholia,Sexual,Apothecia,Corticolous
FIScyp,Trenteopholia,Sexual,Apothecia,Corticolous
FISili,Trenteopholia,Sexual,Apothecia,Corticolous
FISill,Trenteopholia,Sexual,Apothecia,Corticolous
FISinc,Trenteopholia,Sexual,Apothecia,Corticolous
FISins,Trenteopholia,Sexual,Apothecia,Corticolous
FISsco,Trenteopholia,Sexual,Apothecia,Corticolous
FISsp,Trenteopholia,Sexual,Apothecia,Corticolous
FISsub,Trenteopholia,Sexual,Apothecia,Corticolous
FUSleu,Cyanobacteria,Sexual,Apothecia,Corticolous
GASaci,Coccoid,Sexual,Apothecia,Corticolous
GLYcic,Trenteopholia,Sexual,Apothecia,Corticolous
GLYscy,Trenteopholia,Sexual,Apothecia,Corticolous
GOMame,Coccoid,Sexual,Apothecia,Muscicolous
GRAbra,Trenteopholia,Sexual,Apothecia,Corticolous
GRAchl,Trenteopholia,Sexual,Apothecia,Corticolous
GRAcin,Trenteopholia,Sexual,Apothecia,Corticolous
GRAcre,Trenteopholia,Sexual,Apothecia,Corticolous
GRAdes,Trenteopholia,Sexual,Apothecia,Corticolous
GRAdup,Trenteopholia,Sexual,Apothecia,Corticolous
GRAend,Trenteopholia,Sexual,Apothecia,Corticolous
GRAfur,Trenteopholia,Sexual,Apothecia,Corticolous
GRAhan,Trenteopholia,Sexual,Apothecia,Corticolous
GRAhos,Trenteopholia,Sexual,Apothecia,Corticolous
GRAhyp,Trenteopholia,Sexual,Apothecia,Corticolous
GRAint,Trenteopholia,Sexual,Apothecia,Corticolous
GRAinv,Trenteopholia,Sexual,Apothecia,Corticolous
GRAlib,Trenteopholia,Sexual,Apothecia,Corticolous
GRAlin,Trenteopholia,Sexual,Apothecia,Corticolous
GRAluc,Trenteopholia,Sexual,Apothecia,Corticolous
GRAper,Trenteopholia,Sexual,Apothecia,Corticolous
GRApin,Trenteopholia,Sexual,Apothecia,Corticolous
GRAscr,Trenteopholia,Sexual,Apothecia,Corticolous
GRAsp,Trenteopholia,Sexual,Apothecia,Corticolous
GRAstr,Trenteopholia,Sexual,Apothecia,Corticolous
GRAten,Trenteopholia,Sexual,Apothecia,Corticolous
GRAvit,Trenteopholia,Sexual,Apothecia,Corticolous
GRAxyl,Trenteopholia,Sexual,Apothecia,Corticolous
GYAbuc,Coccoid,Fungal,Apothecia,Corticolous
GYAflo,none,Sexual,Apothecia,Lichenicolous
GYAmoo,Coccoid,Fungal,Apothecia,Muscicolous
GYAsp,Coccoid,Sexual,Apothecia,Corticolous
GYAsub,Coccoid,Fungal,Apothecia,Lignicolous
HAEacc,Coccoid,Sexual,Apothecia,Corticolous
HAEfle,Coccoid,Sexual,Apothecia,Corticolous
HAEper,Coccoid,Sexual,Apothecia,Corticolous
HAEsp,Coccoid,Sexual,Apothecia,Corticolous
HAFsp,Coccoid,Sexual,Apothecia,Corticolous
HALsp,Trenteopholia,Sexual,Apothecia,Corticolous
HEPadg,Cyanobacteria,Sexual,Apothecia,Terricolous
HETech,Coccoid,Sexual,Apothecia,Corticolous
HYPliv,Coccoid,Sexual,Apothecia,Corticolous
HYPsyn,Coccoid,Sexual,Apothecia,Corticolous
LECarg,Coccoid,Sexual,Apothecia,Corticolous
LECcaes,Coccoid,Sexual,Apothecia,Corticolous
LECchl,Coccoid,Sexual,Apothecia,Corticolous
LECcin,Coccoid,Sexual,Apothecia,Corticolous
LECcup,Coccoid,Sexual,Apothecia,Corticolous
LECepi,Trenteopholia,Sexual,Apothecia,Corticolous
LEChyb,Coccoid,Sexual,Apothecia,Corticolous
LECims,Coccoid,Sexual,Apothecia,Corticolous
LEClou,Coccoid,Sexual,Apothecia,Corticolous
LECstra,Coccoid,Sexual,Apothecia,Corticolous
LECstro,Coccoid,Sexual,Apothecia,Corticolous
LECsub,Coccoid,Sexual,Apothecia,Corticolous
LEIerr,Coccoid,Sexual,Apothecia,Saxicolous
LEIexp,Trenteopholia,Sexual,Apothecia,Corticolous
LEIser,Trenteopholia,Sexual,Apothecia,Corticolous
LEPazu,Cyanobacteria,Sexual,Apothecia,Corticolous
LEPchl,Cyanobacteria,Sexual,Apothecia,Corticolous
LEPcor,Cyanobacteria,Sexual,Apothecia,Corticolous
LEPjun,Cyanobacteria,Sexual,Apothecia,Muscicolous
LEPwig,Trenteopholia,Sexual,Apothecia,Corticolous
LEUsub,Trenteopholia,Sexual,Apothecia,Corticolous
LOBque,Coccoid,Sexual,Apothecia,Corticolous
LOBrav,Coccoid,Sexual,Apothecia,Corticolous
MALsp,Coccoid,Sexual,Apothecia,Corticolous
MARpol,Coccoid,Sexual,Apothecia,Corticolous
MAZcar,Trenteopholia,Sexual,Apothecia,Corticolous
MEGsp,Coccoid,Sexual,Apothecia,Corticolous
MELsp,none,Sexual,Apothecia,Corticolous
MELtrib,none,Sexual,Apothecia,Lichenicolous
MICant,Coccoid,Sexual,Apothecia,Lignicolous
MICchl,Coccoid,Sexual,Apothecia,Corticolous
MICmic,Coccoid,Sexual,Apothecia,Corticolous
MICneo,Coccoid,Sexual,Apothecia,Corticolous
MICnig,Coccoid,Sexual,Apothecia,Lignicolous
MICpel,Coccoid,Sexual,Apothecia,Corticolous
MICpra,Coccoid,Sexual,Apothecia,Corticolous
MICsp,Coccoid,Sexual,Apothecia,Corticolous
MICsyn,Coccoid,Sexual,Apothecia,Corticolous
MYCsubt,none,Sexual,Apothecia,Lignicolous
MYRrug,Trenteopholia,Sexual,Apothecia,Corticolous
OCEame,Trenteopholia,Sexual,Apothecia,Corticolous
OCEpra,Trenteopholia,Sexual,Apothecia,Corticolous
OCEsan,Trenteopholia,Sexual,Apothecia,Corticolous
OCHafr,Coccoid,Sexual,Apothecia,Corticolous
OCHtro,Coccoid,Sexual,Apothecia,Corticolous
OPEano,none,Sexual,Apothecia,Lichenicolous
OPEast,Trenteopholia,Sexual,Apothecia,Corticolous
OPEatr,Trenteopholia,Sexual,Apothecia,Corticolous
OPElon,Trenteopholia,Sexual,Apothecia,Corticolous
OPEmel,none,Sexual,Apothecia,Lichenicolous
OPEsp,Trenteopholia,Sexual,Apothecia,Corticolous
OPEvar,Trenteopholia,Sexual,Apothecia,Corticolous
OPEvir,Trenteopholia,Sexual,Apothecia,Corticolous
OPEvul,Trenteopholia,Sexual,Apothecia,Corticolous
PANlur,Cyanobacteria,Sexual,Apothecia,Corticolous
PANrub,Cyanobacteria,Sexual,Apothecia,Corticolous
PARper,Coccoid,Sexual,Apothecia,Corticolous
PARsubm,Coccoid,Sexual,Apothecia,Corticolous
PARsubr,Coccoid,Sexual,Apothecia,Corticolous
PELneo,Cyanobacteria,Sexual,Apothecia,Muscicolous
PELpra,Cyanobacteria,Sexual,Apothecia,Muscicolous
PELsp,Cyanobacteria,Sexual,Apothecia,Terricolous
PERepi,Coccoid,Sexual,Apothecia,Corticolous
PERmac,Coccoid,Sexual,Apothecia,Corticolous
PERneo,Coccoid,Sexual,Apothecia,Corticolous
PERobr,Coccoid,Sexual,Apothecia,Corticolous
PERost,Coccoid,Sexual,Apothecia,Corticolous
PERpar,Coccoid,Sexual,Apothecia,Corticolous
PERpro,Coccoid,Sexual,Apothecia,Corticolous
PERpus,Coccoid,Sexual,Apothecia,Corticolous
PERsin,Coccoid,Sexual,Apothecia,Corticolous
PERsp,Coccoid,Sexual,Apothecia,Corticolous
PERsub,Coccoid,Sexual,Apothecia,Corticolous
PERtet,Coccoid,Sexual,Apothecia,Corticolous
PERtex,Coccoid,Sexual,Apothecia,Corticolous
PERvir,Coccoid,Sexual,Apothecia,Corticolous
PHAbra,Trenteopholia,Sexual,Apothecia,Corticolous
PHAEOGsp,Trenteopholia,Sexual,Apothecia,Corticolous
PHAeru,Trenteopholia,Sexual,Apothecia,Corticolous
PHAinu,Trenteopholia,Sexual,Apothecia,Corticolous
PHAlob,Trenteopholia,Sexual,Apothecia,Corticolous
PHAori,Trenteopholia,Sexual,Apothecia,Corticolous
PHApol,none,Sexual,Apothecia,Fungicolous
PHLbol,Coccoid,Sexual,Apothecia,Corticolous
PHYneo,Coccoid,Sexual,Apothecia,Corticolous
PHYpum,Coccoid,Sexual,Apothecia,Corticolous
PICnan,Coccoid,Sexual,Apothecia,Corticolous
PLAhyp,Coccoid,Sexual,Apothecia,Terricolous
PLAoli,Coccoid,Sexual,Apothecia,Terricolous
PLAsp,Trenteopholia,Sexual,Apothecia,Corticolous
PLAuli,Coccoid,Sexual,Apothecia,Terricolous
PSEule,Coccoid,Sexual,Apothecia,Corticolous
PYRjav,Trenteopholia,Sexual,Apothecia,Corticolous
PYRsp,Coccoid,Sexual,Apothecia,Corticolous
PYRvar,Coccoid,Sexual,Apothecia,Corticolous
RAMame,Coccoid,Sexual,Apothecia,Corticolous
RAMcom,Coccoid,Sexual,Apothecia,Corticolous
RAMcul,Coccoid,Sexual,Apothecia,Corticolous
RAMhae,Coccoid,Sexual,Apothecia,Corticolous
RAMmic,Trenteopholia,Sexual,Apothecia,Corticolous
RAMmon,Coccoid,Sexual,Apothecia,Corticolous
RAMrus,Coccoid,Sexual,Apothecia,Corticolous
RAMsp,Coccoid,Sexual,Apothecia,Corticolous
RAMste,Coccoid,Sexual,Apothecia,Corticolous
RAMwil,Coccoid,Sexual,Apothecia,Corticolous
RINdol,Coccoid,Sexual,Apothecia,Corticolous
RINgra,Coccoid,Sexual,Apothecia,Corticolous
RINmac,Coccoid,Sexual,Apothecia,Corticolous
RINsub,Coccoid,Sexual,Apothecia,Corticolous
SARres,none,Sexual,Apothecia,Corticolous
SARtri,Trenteopholia,Sexual,Apothecia,Corticolous
SCHcra,none,Sexual,Apothecia,Corticolous
SCHgla,Trenteopholia,Sexual,Apothecia,Corticolous
SCHrap,Trenteopholia,Sexual,Apothecia,Corticolous
SCOchl,Coccoid,Sexual,Apothecia,Corticolous
SCOpen,Coccoid,Sexual,Apothecia,Corticolous
SCOsp,Coccoid,Sexual,Apothecia,Corticolous
SKYlec,none,Sexual,Apothecia,Lichenicolous
SPHtub,none,Sexual,Apothecia,Lichenicolous
STICsp,none,Sexual,Apothecia,Corticolous
TEPatr,Coccoid,Sexual,Apothecia,Corticolous
THAcin,Trenteopholia,Sexual,Apothecia,Corticolous
THAhyp,Trenteopholia,Sexual,Apothecia,Corticolous
THEadj,Trenteopholia,Sexual,Apothecia,Corticolous
THEdef,Trenteopholia,Sexual,Apothecia,Corticolous
THEdil,Trenteopholia,Sexual,Apothecia,Corticolous
THElat,Trenteopholia,Sexual,Apothecia,Corticolous
THEmon,Trenteopholia,Sexual,Apothecia,Corticolous
THEsp,Trenteopholia,Sexual,Apothecia,Corticolous
THEsub,Trenteopholia,Sexual,Apothecia,Corticolous
TUCfen,Coccoid,Sexual,Apothecia,Corticolous
USNend,Coccoid,Sexual,Apothecia,Corticolous
USNeva,Coccoid,Sexual,Apothecia,Corticolous
USNstr,Coccoid,Sexual,Apothecia,Corticolous
VARama,Coccoid,Sexual,Apothecia,Corticolous
VARcom,Coccoid,Sexual,Apothecia,Corticolous
VARflo,Coccoid,Sexual,Apothecia,Corticolous
VARhyp,Coccoid,Sexual,Apothecia,Corticolous
VARmul,Coccoid,Sexual,Apothecia,Corticolous
VARoph,Coccoid,Sexual,Apothecia,Corticolous
VARtra,Coccoid,Sexual,Apothecia,Corticolous
VARvel,Coccoid,Sexual,Apothecia,Corticolous
VEZlep,Coccoid,Sexual,Apothecia,Muscicolous
VEZsp,Coccoid,Sexual,Apothecia,Corticolous
XYLnig,Coccoid,Sexual,Apothecia,Lignicolous
PHYmil,Coccoid,Lichenized,Apothecia,Corticolous
BULsco,Coccoid,Lichenized,Isidia,Corticolous
LEPcya,Cyanobacteria,Lichenized,Isidia,Corticolous
LEPdac,Cyanobacteria,Lichenized,Isidia,Corticolous
PANtac,Cyanobacteria,Lichenized,Isidia,Corticolous
PLAicm,Coccoid,Lichenized,Isidia,Lignicolous
REIsan,Trenteopholia,Lichenized,Isidia,Corticolous
USNmut,Coccoid,Lichenized,Isidia,Corticolous
USNsub,Coccoid,Lichenized,Isidia,Corticolous
CLAbea,Coccoid,Lichenized,Apothecia,Corticolous
CLAdid,Coccoid,Lichenized,Apothecia,Corticolous
CLAdidv,Coccoid,Lichenized,Apothecia,Corticolous
CLApar,Coccoid,Lichenized,Apothecia,Lignicolous
CLAsan,Coccoid,Lichenized,Apothecia,Corticolous
CLAsubr,Coccoid,Lichenized,Apothecia,Corticolous
MEGpac,Coccoid,Lichenized,Pustules,Corticolous
MEGpor,Coccoid,Lichenized,Pustules,Corticolous
MYEaur,Coccoid,Lichenized,Pustules,Corticolous
VARpus,Coccoid,Lichenized,Pustules,Corticolous
BUEwhe,Coccoid,Lichenized,Soredia,Corticolous
CALflavoc,Coccoid,Lichenized,Soredia,Saxicolous
CANcry,Coccoid,Lichenized,Soredia,Corticolous
CLAabb,Coccoid,Lichenized,Soredia,Lignicolous
CLAcry,Coccoid,Lichenized,Soredia,Muscicolous
CLAgra,Coccoid,Lichenized,Soredia,Muscicolous
CLAinc,Coccoid,Lichenized,Soredia,Lignicolous
CLAmac,Coccoid,Lichenized,Soredia,Corticolous
CLAmacb,Coccoid,Lichenized,Soredia,Corticolous
CLAoch,Coccoid,Lichenized,Soredia,Corticolous
CLAper,Coccoid,Lichenized,Soredia,Muscicolous
CLAram,Coccoid,Lichenized,Soredia,Muscicolous
CLArav,Coccoid,Lichenized,Soredia,Lignicolous
CLArei,Coccoid,Lichenized,Soredia,Terricolous
HAEame,Coccoid,Lichenized,Soredia,Corticolous
LECflo,Coccoid,Lichenized,Soredia,Corticolous
PARpra,Coccoid,Lichenized,Soredia,Corticolous
PHArub,Coccoid,Lichenized,Soredia,Corticolous
PLAdas,Coccoid,Lichenized,Soredia,Lignicolous
PYXsor,Coccoid,Lichenized,Soredia,Corticolous
TRAfle,Coccoid,Lichenized,Soredia,Lignicolous
VARsp,Coccoid,Sexual,Soredia,Corticolous
XANweb,Coccoid,Lichenized,Soredia,Corticolous
DICser,Coccoid,Sexual,Basidia,Corticolous
MULmuc,Coccoid,Sexual,Basidia,Lignicolous
TREcla,none,Sexual,Basidia,Lichenicolous
TREhar,none,Sexual,Basidia,Lichenicolous
TREpar,none,Sexual,Basidia,Lichenicolous
TREper,none,Sexual,Basidia,Lichenicolous
TREpha,none,Sexual,Basidia,Lichenicolous
TREsp,none,Sexual,Basidia,Lichenicolous
RINpap,Coccoid,Lichenized,Blastidia,Corticolous
CLAapo,Coccoid,Lichenized,Fragments,Terricolous
COCste,Cyanobacteria,Lichenized,Fragments,Corticolous
DENint,Cyanobacteria,Lichenized,Fragments,Corticolous
USNtri,Coccoid,Lichenized,Fragments,Corticolous
CHRcha,Coccoid,Lichenized,Granules,Corticolous
CHRsp,Coccoid,Lichenized,Granules,Corticolous
CHRxan,Coccoid,Lichenized,Granules,Corticolous
LEPaur,Coccoid,Lichenized,Granules,Corticolous
LEPcae,Coccoid,Lichenized,Granules,Corticolous
LEPfin,Coccoid,Lichenized,Granules,Corticolous
LEPfri,Coccoid,Lichenized,Granules,Corticolous
LEPhar,Coccoid,Lichenized,Granules,Corticolous
LEPhod,Coccoid,Lichenized,Granules,Corticolous
LEPsp,Coccoid,Lichenized,Granules,Corticolous
LEPvou,Coccoid,Lichenized,Granules,Corticolous
ANZorn,Coccoid,Lichenized,Isidia,Corticolous
BULisi,Coccoid,Lichenized,Isidia,Corticolous
BULlae,Coccoid,Lichenized,Isidia,Corticolous
CALepi,Coccoid,Lichenized,Isidia,Corticolous
CANama,Coccoid,Lichenized,Isidia,Corticolous
CANcar,Coccoid,Lichenized,Isidia,Corticolous
COCpal,Cyanobacteria,Lichenized,Isidia,Corticolous
CONsub,Cyanobacteria,Lichenized,Isidia,Corticolous
DIRaeg,Coccoid,Lichenized,Isidia,Corticolous
HERrub,Trenteopholia,Lichenized,Isidia,Corticolous
HETcro,Coccoid,Lichenized,Isidia,Corticolous
HYPhor,Coccoid,Lichenized,Isidia,Corticolous
HYPmin,Coccoid,Lichenized,Isidia,Corticolous
IMSale,Coccoid,Lichenized,Isidia,Corticolous
LEPaus,Cyanobacteria,Lichenized,Isidia,Corticolous
LEPmil,Cyanobacteria,Lichenized,Isidia,Corticolous
LOXcon,Coccoid,Lichenized,Isidia,Corticolous
PARcrin,Coccoid,Lichenized,Isidia,Corticolous
PARint,Coccoid,Lichenized,Isidia,Corticolous
PARmad,Coccoid,Lichenized,Isidia,Corticolous
PARmel,Coccoid,Lichenized,Isidia,Corticolous
PARneo,Coccoid,Lichenized,Isidia,Corticolous
PARsqu,Coccoid,Lichenized,Isidia,Corticolous
PARsubi,Coccoid,Lichenized,Isidia,Corticolous
PARsubt,Coccoid,Lichenized,Isidia,Corticolous
PARtin,Coccoid,Lichenized,Isidia,Corticolous
PARult,Coccoid,Lichenized,Isidia,Corticolous
PARxan,Coccoid,Lichenized,Isidia,Corticolous
PHYcor,Coccoid,Lichenized,Isidia,Corticolous
PHYcorr,Coccoid,Lichenized,Isidia,Corticolous
PHYkal,Coccoid,Lichenized,Isidia,Corticolous
PROisi,Coccoid,Lichenized,Isidia,Corticolous
PSEisi,Trenteopholia,Lichenized,Isidia,Corticolous
PUNmis,Coccoid,Lichenized,Isidia,Corticolous
PUNrud,Coccoid,Lichenized,Isidia,Corticolous
USNbai,Coccoid,Lichenized,Isidia,Corticolous
USNpen,Coccoid,Lichenized,Isidia,Corticolous
USNper,Coccoid,Lichenized,Isidia,Corticolous
USNvai,Coccoid,Lichenized,Isidia,Corticolous
LOBten,Coccoid,Lichenized,Lobules,Corticolous
PARpan,Cyanobacteria,Lichenized,Lobules,Corticolous
PELphy,Cyanobacteria,Lichenized,Lobules,Corticolous
PHAsqu,Coccoid,Lichenized,Lobules,Corticolous
PHYcon,Coccoid,Lichenized,Lobules,Corticolous
PHYpar,Coccoid,Lichenized,Lobules,Corticolous
STIcar,Cyanobacteria,Lichenized,Lobules,Corticolous
STIdey,Cyanobacteria,Lichenized,Lobules,Corticolous
AGOopu,Coccoid,Lichenized,none,Muscicolous
ASTdec,Coccoid,Fungal,none,Foliicolous
CONpha,none,Fungal,none,Lichenicolous
CORlic,none,Fungal,none,Lichenicolous
CORtri,none,Fungal,none,Lichenicolous
DICalb,Trenteopholia,Fungal,none,Corticolous
ETAtry,none,Fungal,none,Lichenicolous
FELbou,Coccoid,Fungal,none,Foliicolous
GYAoza,Coccoid,Fungal,none,Corticolous
INTlic,none,Fungal,none,Lichenicolous
LICcar,none,Fungal,none,Lichenicolous
LICero,none,Fungal,none,Lichenicolous
LICHENOCOlec,none,Fungal,none,Lichenicolous
LICHENODlec,none,Fungal,none,Lichenicolous
LICHENODsp,none,Fungal,none,Lichenicolous
LICusn,none,Fungal,none,Lichenicolous
MINmar,none,Fungal,none,Lichenicolous
MINmin,none,Fungal,none,Lichenicolous
MINtuc,none,Fungal,none,Lichenicolous
MINUNTOPsp,none,Fungal,none,Lichenicolous
MINUTOEsp,none,Fungal,none,Lichenicolous
PHAalp,none,Fungal,none,Lichenicolous
PHAEOSsp,none,Fungal,none,Lichenicolous
PHOsp,none,Fungal,none,Lichenicolous
PSAsp,none,Fungal,none,Lichenicolous
TAEdel,none,Fungal,none,Lichenicolous
TAEsp,none,Fungal,none,Lichenicolous
TYLhib,Trenteopholia,Fungal,none,Corticolous
TYLsp,Trenteopholia,Fungal,none,Corticolous
VOUlic,none,Fungal,none,Lichenicolous
ACRgem,Trenteopholia,Sexual,Perithecia,Corticolous
ACRmeg,Trenteopholia,Sexual,Perithecia,Corticolous
AGOsp,Coccoid,Sexual,Perithecia,Muscicolous
ANIani,Trenteopholia,Sexual,Perithecia,Corticolous
ANIbiforme,Trenteopholia,Sexual,Perithecia,Corticolous
ANIbiformo,Trenteopholia,Sexual,Perithecia,Corticolous
ANIpol,Trenteopholia,Sexual,Perithecia,Corticolous
ANIsp,Trenteopholia,Sexual,Perithecia,Corticolous
ANTnan,Trenteopholia,Sexual,Perithecia,Corticolous
ANTsp,Trenteopholia,Sexual,Perithecia,Corticolous
ARTcin,none,Sexual,Perithecia,Corticolous
ARTtax,none,Sexual,Perithecia,Corticolous
BATcar,Trenteopholia,Sexual,Perithecia,Corticolous
EPIple,Trenteopholia,Sexual,Perithecia,Muscicolous
EPIsp,none,Sexual,Perithecia,Lichenicolous
EPIste,none,Sexual,Perithecia,Lichenicolous
JULsp,none,Sexual,Perithecia,Corticolous
JULvar,none,Sexual,Perithecia,Corticolous
LICHENOCHsp,none,Sexual,Perithecia,Lichenicolous
LIChet,none,Sexual,Perithecia,Lichenicolous
MERsp,none,Sexual,Perithecia,Corticolous
MONbor,none,Sexual,Perithecia,Corticolous
MONrap,none,Sexual,Perithecia,Corticolous
MUElic,none,Sexual,Perithecia,Lichenicolous
MYCace,none,Sexual,Perithecia,Corticolous
MYCcal,none,Sexual,Perithecia,Corticolous
MYCesc,none,Sexual,Perithecia,Corticolous
MYClac,none,Sexual,Perithecia,Corticolous
MYCsp,none,Sexual,Perithecia,Corticolous
MYCspa,none,Sexual,Perithecia,Corticolous
MYCsubf,none,Sexual,Perithecia,Corticolous
MYXlep,none,Sexual,Perithecia,Lichenicolous
NAEsp,none,Sexual,Perithecia,Corticolous
NECrub,none,Sexual,Perithecia,Lichenicolous
OVIpar,none,Sexual,Perithecia,Lichenicolous
PLAarb,Coccoid,Sexual,Perithecia,Corticolous
POLpro,Trenteopholia,Sexual,Perithecia,Corticolous
POLqui,Trenteopholia,Sexual,Perithecia,Corticolous
POLsub,Trenteopholia,Sexual,Perithecia,Corticolous
PORhet,Trenteopholia,Sexual,Perithecia,Corticolous
PORnuc,Trenteopholia,Sexual,Perithecia,Corticolous
PORsp,Trenteopholia,Sexual,Perithecia,Corticolous
PROsp,none,Sexual,Perithecia,Lichenicolous
PROsub,none,Sexual,Perithecia,Lichenicolous
PSEces,Trenteopholia,Sexual,Perithecia,Corticolous
PSErha,Trenteopholia,Sexual,Perithecia,Corticolous
PSEsub,Trenteopholia,Sexual,Perithecia,Corticolous
PSOdic,Coccoid,Sexual,Perithecia,Corticolous
PYRagg,none,Sexual,Perithecia,Lichenicolous
PYRano,Trenteopholia,Sexual,Perithecia,Corticolous
PYRasp,Trenteopholia,Sexual,Perithecia,Corticolous
PYRcit,Trenteopholia,Sexual,Perithecia,Corticolous
PYRcon,Trenteopholia,Sexual,Perithecia,Corticolous
PYRcre,Trenteopholia,Sexual,Perithecia,Corticolous
PYRleu,Trenteopholia,Sexual,Perithecia,Corticolous
PYRluc,Trenteopholia,Sexual,Perithecia,Corticolous
PYRmam,Trenteopholia,Sexual,Perithecia,Corticolous
PYRmicroc,Trenteopholia,Sexual,Perithecia,Corticolous
PYRmicrot,Trenteopholia,Sexual,Perithecia,Corticolous
PYRmuc,Trenteopholia,Sexual,Perithecia,Corticolous
PYRpse,Trenteopholia,Sexual,Perithecia,Corticolous
PYRpun,Trenteopholia,Sexual,Perithecia,Corticolous
PYRrav,Trenteopholia,Sexual,Perithecia,Corticolous
PYRsan,Trenteopholia,Sexual,Perithecia,Corticolous
PYRsub,Trenteopholia,Sexual,Perithecia,Corticolous
PYRthe,Trenteopholia,Sexual,Perithecia,Corticolous
ROStro,none,Sexual,Perithecia,Lichenicolous
SEGlep,Trenteopholia,Sexual,Perithecia,Corticolous
SEGsp,Trenteopholia,Sexual,Perithecia,Corticolous
STIGsp,none,Sexual,Perithecia,Lichenicolous
STRame,Trenteopholia,Sexual,Perithecia,Corticolous
STRpha,Trenteopholia,Sexual,Perithecia,Corticolous
STRsma,Trenteopholia,Sexual,Perithecia,Corticolous
STRsp,Trenteopholia,Sexual,Perithecia,Corticolous
STRvir,Trenteopholia,Sexual,Perithecia,Corticolous
THEino,Trenteopholia,Sexual,Perithecia,Corticolous
THEmin,Coccoid,Sexual,Perithecia,Saxicolous
THErub,Trenteopholia,Sexual,Perithecia,Corticolous
TOMame,none,Sexual,Perithecia,Corticolous
TOPape,Trenteopholia,Sexual,Perithecia,Corticolous
TRIsp,none,Sexual,Perithecia,Lichenicolous
TRYtro,Trenteopholia,Sexual,Perithecia,Corticolous
TRYvar,Trenteopholia,Sexual,Perithecia,Corticolous
TRYvir,Trenteopholia,Sexual,Perithecia,Corticolous
VERsp,Coccoid,Sexual,Perithecia,Saxicolous
XENsp,none,Sexual,Perithecia,Lichenicolous
PORsca,Trenteopholia,Lichenized,Isidia,Corticolous
TRIang,Trenteopholia,Lichenized,Isidia,Corticolous
HYPoss,Coccoid,Lichenized,Pustules,Corticolous
HYPpus,Coccoid,Lichenized,Pustules,Corticolous
HYPspu,Coccoid,Lichenized,Pustules,Corticolous
LOXass,Coccoid,Lichenized,Pustules,Corticolous
PARsuba,Coccoid,Lichenized,Pustules,Corticolous
PYXcae,Coccoid,Lichenized,Pustules,Corticolous
BIApon,Coccoid,Lichenized,Soredia,Corticolous
BIAprin,Coccoid,Lichenized,Soredia,Corticolous
CANcon,Coccoid,Lichenized,Soredia,Corticolous
CANtex,Coccoid,Lichenized,Soredia,Corticolous
CANxan,Coccoid,Lichenized,Soredia,Corticolous
CREcro,Coccoid,Lichenized,Soredia,Corticolous
DIRpic,Coccoid,Lichenized,Soredia,Corticolous
FLAcap,Coccoid,Lichenized,Soredia,Corticolous
HAEguy,Coccoid,Lichenized,Soredia,Corticolous
HAElep,Coccoid,Lichenized,Soredia,Corticolous
HETalb,Coccoid,Lichenized,Soredia,Corticolous
HETcas,Coccoid,Lichenized,Soredia,Corticolous
HETleu,Coccoid,Lichenized,Soredia,Corticolous
HETobs,Coccoid,Lichenized,Soredia,Corticolous
HETspe,Coccoid,Lichenized,Soredia,Corticolous
HYPcry,Coccoid,Lichenized,Soredia,Corticolous
LECapp,Coccoid,Lichenized,Soredia,Corticolous
LEClay,Coccoid,Lichenized,Soredia,Corticolous
LECnot,Coccoid,Lichenized,Soredia,Corticolous
LECthy,Coccoid,Lichenized,Soredia,Corticolous
NADsor,Trenteopholia,Lichenized,Soredia,Corticolous
NORpul,Coccoid,Lichenized,Soredia,Corticolous
OPEcor,Trenteopholia,Lichenized,Soredia,Corticolous
PARcris,Coccoid,Lichenized,Soredia,Corticolous
PARdil,Coccoid,Lichenized,Soredia,Corticolous
PARgar,Coccoid,Lichenized,Soredia,Corticolous
PARhypol,Coccoid,Lichenized,Soredia,Corticolous
PARhypot,Coccoid,Lichenized,Soredia,Corticolous
PARlou,Coccoid,Lichenized,Soredia,Corticolous
PARram,Coccoid,Lichenized,Soredia,Corticolous
PARret,Coccoid,Lichenized,Soredia,Corticolous
PARsul,Coccoid,Lichenized,Soredia,Corticolous
PHAadi,Coccoid,Lichenized,Soredia,Corticolous
PHAhir,Coccoid,Lichenized,Soredia,Corticolous
PHApus,Coccoid,Lichenized,Soredia,Corticolous
PHYame,Coccoid,Lichenized,Soredia,Corticolous
PHYatr,Coccoid,Lichenized,Soredia,Corticolous
PHYsor,Coccoid,Lichenized,Soredia,Corticolous
PSEaur,Coccoid,Lichenized,Soredia,Corticolous
PUNcas,Coccoid,Lichenized,Soredia,Corticolous
PYXalb,Coccoid,Lichenized,Soredia,Corticolous
PYXsub,Coccoid,Lichenized,Soredia,Corticolous
RINbuc,Coccoid,Lichenized,Soredia,Corticolous
ROPvir,Coccoid,Lichenized,Soredia,Corticolous
TELfla,Coccoid,Lichenized,Soredia,Corticolous
USNcer,Coccoid,Lichenized,Soredia,Corticolous
VIOfuc,Coccoid,Lichenized,Soredia,Corticolous
